,product_id,month,qty,freight_price,unit_price,customers,comp_1,fp1,comp_2,fp2,comp_3,fp3
11,bed1,1,5.0,13.621882369948098,41.26681876660176,88.0,88.94052289348768,21.14367854666819,143.08869437749883,18.37704564489352,44.03451426392148,13.84982692962234
10,bed1,2,6.0,13.413577434345218,41.61653094215304,56.0,89.8649008459189,16.95390575264521,83.43568000004157,19.59067883350513,45.49277027307981,14.78407838668353
8,bed1,3,10.0,14.10618101864761,43.60909154298178,120.0,89.29262354010022,19.373365732395392,62.90361910974419,22.699160627215498,44.68487468549624,12.973140750752952
9,bed1,4,7.0,13.071364022463783,45.75775106815832,52.0,89.77340411666736,19.50557857599501,158.0423891657943,19.639422199945916,42.69142544028769,13.212464199213072
0,bed1,5,1.0,15.1,45.95,57.0,89.9,15.01189655,215.0,8.76,45.95,15.1
1,bed1,6,3.0,12.93333333,45.95,61.0,89.9,14.76921569,209.0,21.322,45.95,12.93333333
2,bed1,7,6.0,14.84,45.95,123.0,89.9,13.99383333,205.0,22.1959322,45.95,14.84
3,bed1,8,4.0,14.2875,45.95,90.0,89.9,14.65675676,199.5098039,19.41288462,45.95,14.2875
4,bed1,9,2.0,15.1,45.95,54.0,89.9,18.77652174,163.3987097,24.3246875,45.95,15.1
5,bed1,10,3.0,15.1,45.95,50.0,89.9,21.57214286,45.95,15.1,45.95,15.1
6,bed1,11,11.0,15.83272727,40.53181818,97.0,89.9,16.294,40.53181818,15.83272727,40.53181818,15.83272727
7,bed1,12,6.0,15.23,39.99,41.0,88.48823529,18.89833333,39.99,15.23,39.99,15.23
311,bed2,1,11.0,14.778469546506468,89.63996964611894,92.0,89.04079021625236,16.57752663637082,105.09952997946999,12.065371349906933,40.49570240180604,15.541048808002643
310,bed2,2,2.0,13.02,89.9,2.0,89.9,13.02,89.9,13.02,89.9,13.02
308,bed2,3,22.0,13.65272727,89.9,20.0,89.9,13.65272727,89.9,13.65272727,89.9,13.65272727
309,bed2,4,34.0,15.05,89.9,31.0,89.9,15.05,89.9,15.05,89.9,15.05
300,bed2,5,58.0,15.01189655,89.9,57.0,89.9,15.01189655,215.0,8.76,45.95,15.1
301,bed2,6,51.0,14.76921569,89.9,61.0,89.9,14.76921569,209.0,21.322,45.95,12.93333333
302,bed2,7,60.0,13.99383333,89.9,123.0,89.9,13.99383333,205.0,22.1959322,45.95,14.84
303,bed2,8,37.0,14.65675676,89.9,90.0,89.9,14.65675676,199.5098039,19.41288462,45.95,14.2875
304,bed2,9,23.0,18.77652174,89.9,54.0,89.9,18.77652174,163.3987097,24.3246875,45.95,15.1
305,bed2,10,14.0,21.57214286,89.9,50.0,89.9,21.57214286,89.9,21.57214286,45.95,15.1
306,bed2,11,40.0,16.294,89.9,97.0,89.9,16.294,89.9,16.294,40.53181818,15.83272727
307,bed2,12,18.0,18.89833333,88.48823529,41.0,88.48823529,18.89833333,88.48823529,18.89833333,39.99,15.23
467,bed5,1,29.0,23.016246421694067,167.6794386661303,112.0,89.9,14.097917692550872,202.5098043038835,14.611523416296388,45.95,13.158037067680231
466,bed5,2,46.0,19.47779381824722,195.4508100090556,89.0,89.9,15.78749615504761,196.15191322523168,20.37516977904309,45.95,14.884440599827848
464,bed5,3,53.0,14.997336859943369,189.64829940376723,113.0,89.9,14.308008290262269,202.6191550658744,15.929276727845949,45.95,13.124137084942946
465,bed5,4,9.0,10.440828708549944,208.1874018305272,73.0,89.9,15.516471742656467,173.93751469359302,13.642283334513365,45.95,12.94762350208887
456,bed5,5,1.0,8.76,215.0,57.0,89.9,15.01189655,215.0,8.76,45.95,15.1
457,bed5,6,10.0,21.322,209.0,61.0,89.9,14.76921569,209.0,21.322,45.95,12.93333333
458,bed5,7,59.0,22.1959322,205.0,123.0,89.9,13.99383333,205.0,22.1959322,45.95,14.84
459,bed5,8,52.0,19.41288462,199.5098039,90.0,89.9,14.65675676,199.5098039,19.41288462,45.95,14.2875
460,bed5,9,32.0,24.3246875,163.3987097,54.0,89.9,18.77652174,163.3987097,24.3246875,45.95,15.1
461,bed5,10,17.0,11.8399822670709,166.6361250300132,119.0,89.9,15.530351812745673,203.44727587763452,16.33652228211122,45.95,14.047269151144642
462,bed5,11,52.0,11.490711009922371,188.66233854451548,85.0,89.9,16.72663981597666,178.3090803389752,21.489552973575474,45.95,13.784753671735835
463,bed5,12,56.0,10.377329206715464,180.81900899699914,99.0,89.9,17.773454848227626,183.60235486095493,23.917831761644514,45.95,15.003108729536866
239,computers1,1,3.0,12.460148436034963,104.11275191696902,18.0,151.2886186082917,19.60726095060323,106.32608410420218,13.933981772756308,98.9852370397806,12.140333206553777
238,computers1,2,3.0,14.67581057598553,109.5115068395185,14.0,122.80903403187207,18.92011064129432,101.09063689454874,16.784880217280694,105.25155054382081,19.55107483453753
236,computers1,3,9.0,13.628647396663684,95.7228385799723,20.0,146.19561510266388,18.709855939399763,95.319874116152,10.97849800081564,105.36443197214116,11.213502545667101
237,computers1,4,1.0,13.958403273978131,98.65720709155977,29.0,146.34091297609433,46.42039456137999,101.48348616607069,13.670645884845321,101.32225230540833,13.041562326850103
228,computers1,5,4.0,15.84,94.9,11.0,94.9,15.84,94.9,15.84,94.9,15.84
229,computers1,6,6.0,17.785,100.9,15.0,159.99,42.03333333,100.9,17.785,100.9,17.785
230,computers1,7,10.0,12.015,109.9,17.0,139.99,48.10833333,109.9,12.015,109.9,12.015
231,computers1,8,2.0,10.39,109.9,15.0,145.7042857,36.46,109.9,10.39,109.9,10.39
232,computers1,9,4.0,14.975,98.9,15.0,151.99,43.72272727,98.9,14.975,98.9,14.975
233,computers1,10,4.0,17.1225,98.9,31.0,154.6958824,43.88117647,98.9,17.1225,98.9,17.1225
234,computers1,11,6.0,16.14,98.9,36.0,149.99,42.51722222,98.9,16.14,109.9,15.52
235,computers1,12,1.0,13.71,98.9,35.0,149.99,38.57,98.9,13.71,109.9,25.24916667
443,computers3,1,13.0,22.358591751869398,150.016062311729,21.0,147.60733739520663,20.26306382099009,145.69338451195333,35.21908813935574,127.0824395038884,35.78713683588964
442,computers3,2,5.0,36.757735039381444,154.2419067751615,20.0,174.39944123983184,40.95851522375487,156.38256121929862,24.17372466073787,165.64454293725788,24.183590198430423
440,computers3,3,8.0,31.557788491332325,167.13676021690762,17.0,148.5274424733552,36.12789500851885,155.7370300418978,21.476311832292435,167.8146755959662,32.573005310551395
441,computers3,4,4.0,26.87502412741555,157.99375219535656,31.0,142.47308580801055,19.346665104195413,141.0335745566153,37.03456416735742,169.44394672061256,24.160540592292293
432,computers3,5,15.0,18.75466667,178.0571429,11.0,178.0571429,18.75466667,178.0571429,18.75466667,178.0571429,18.75466667
433,computers3,6,15.0,21.70066667,149.8525,15.0,159.99,42.03333333,149.8525,21.70066667,149.8525,21.70066667
434,computers3,7,4.0,18.27,146.6,17.0,139.99,48.10833333,146.6,18.27,146.6,18.27
435,computers3,8,13.0,19.28538462,144.96,15.0,145.7042857,36.46,144.96,19.28538462,144.96,19.28538462
436,computers3,9,12.0,35.9225,138.59,15.0,151.99,43.72272727,138.59,35.9225,138.59,35.9225
437,computers3,10,16.0,36.021875,137.9,31.0,154.6958824,43.88117647,137.9,36.021875,137.9,36.021875
438,computers3,11,18.0,39.39888889,137.9,36.0,149.99,42.51722222,137.9,39.39888889,109.9,15.52
439,computers3,12,2.0,38.78,134.9,35.0,149.99,38.57,134.9,38.78,109.9,25.24916667
419,computers4,1,17.0,45.43510302953527,140.0363191138089,19.0,140.89916204758623,41.1540170105409,150.7735139762417,36.780874879567776,147.78004731189722,44.7672046506098
418,computers4,2,3.0,33.4,159.99,3.0,159.99,33.4,159.99,33.4,159.99,33.4
416,computers4,3,3.0,33.4,159.99,3.0,159.99,33.4,159.99,33.4,159.99,33.4
417,computers4,4,5.0,35.122,139.99,5.0,139.99,35.122,139.99,35.122,139.99,35.122
408,computers4,5,13.0,34.11885720319193,159.11576060952282,15.0,150.110922682475,38.4908193380479,144.9101422735613,42.46895964865686,133.20956856239974,18.872186839181605
409,computers4,6,3.0,42.03333333,159.99,15.0,159.99,42.03333333,159.99,42.03333333,159.99,42.03333333
410,computers4,7,6.0,48.10833333,139.99,17.0,139.99,48.10833333,139.99,48.10833333,139.99,48.10833333
411,computers4,8,7.0,36.46,145.7042857,15.0,145.7042857,36.46,145.7042857,36.46,145.7042857,36.46
412,computers4,9,11.0,43.72272727,151.99,15.0,151.99,43.72272727,151.99,43.72272727,151.99,43.72272727
413,computers4,10,17.0,43.88117647,154.6958824,31.0,154.6958824,43.88117647,154.6958824,43.88117647,154.6958824,43.88117647
414,computers4,11,18.0,42.51722222,149.99,36.0,149.99,42.51722222,149.99,42.51722222,109.9,15.52
415,computers4,12,23.0,38.57,149.99,35.0,149.99,38.57,149.99,38.57,109.9,25.24916667
35,consoles1,1,13.0,14.110778420488257,23.692959909996336,15.0,24.32105207136276,14.475130822027294,20.201470578740857,15.526419347152158,21.563526221171497,15.963549264920944
34,consoles1,2,12.0,15.923627136229442,21.68062805682441,36.0,21.18019665113161,13.793675942514167,21.630699891140743,12.191649286828882,20.30514502518713,15.100088926945295
32,consoles1,3,19.0,15.821275572995823,21.676215683647516,18.0,23.21619179546321,13.612216528993976,21.942474956444954,12.246589839563526,20.02315314084088,14.299576525132446
33,consoles1,4,19.0,14.9919476487017,22.64545172155587,32.0,21.294078304873025,13.542511310204707,24.368731209980538,12.967809650202751,23.76560770143645,14.96843344815383
24,consoles1,5,10.0,14.462797725146642,24.400807118197303,30.0,23.05991675537409,13.995700799574067,23.121152334148906,13.019805710608834,23.058931717281,14.621759269939893
25,consoles1,6,17.0,15.705923009700587,21.140444147760974,34.0,23.935109608895047,14.42053802399706,20.18511155828515,11.965831358209305,21.58032210520684,15.648572519953818
26,consoles1,7,13.0,13.47307692,19.9,13.0,19.9,13.47307692,19.9,11.85,19.9,13.47307692
27,consoles1,8,24.0,16.16375,19.9,33.0,19.9,16.16375,19.9,15.83272727,19.9,16.16375
28,consoles1,9,9.0,16.13333333,19.9,17.0,19.9,16.13333333,19.9,15.41111111,19.9,16.13333333
29,consoles1,10,28.0,13.53428571,21.54285714,38.0,21.54285714,13.53428571,20.66666667,12.80333333,21.54285714,13.53428571
30,consoles1,11,28.0,13.64535714,24.5,49.0,24.5,13.64535714,24.5,13.65217391,24.5,13.64535714
31,consoles1,12,16.0,12.87375,24.5,30.0,24.5,12.87375,24.5,13.52470588,24.5,12.87375
251,consoles2,1,4.0,12.181223008967454,20.87864673194677,32.0,23.793805781542495,15.036238878152124,21.74567485266866,13.936002623572197,20.98684284856984,14.90585707268058
250,consoles2,2,8.0,12.15567042033841,20.860249739059302,47.0,20.21076362368294,14.383064654020343,24.32239426156346,12.10498653843472,20.052803407047364,12.478605486408476
248,consoles2,3,14.0,12.245134054375294,20.990161523599973,31.0,21.62578067285321,15.145457711438427,21.634349615559508,13.685679410229532,21.813792486881372,12.777549144917892
249,consoles2,4,11.0,12.59704268801828,23.569441574800024,48.0,23.765419345573047,14.517449594247061,20.031375835058622,13.851326490044663,20.507887321431266,12.594596675991054
240,consoles2,5,12.0,13.59022803631904,21.729335770202702,35.0,21.05843282834448,13.764349861617136,22.44077878154449,12.21463563056522,21.798853785446852,13.277570207933946
241,consoles2,6,5.0,13.477773345121115,23.55626487969404,35.0,20.938550194217,14.574680036113241,23.969720534673808,13.262878339570134,22.681342314308452,14.595671068047569
242,consoles2,7,1.0,11.85,19.9,13.0,19.9,13.47307692,19.9,11.85,19.9,11.85
243,consoles2,8,11.0,15.83272727,19.9,33.0,19.9,16.16375,19.9,15.83272727,19.9,15.83272727
244,consoles2,9,9.0,15.41111111,19.9,17.0,19.9,16.13333333,19.9,15.41111111,19.9,15.41111111
245,consoles2,10,12.0,12.80333333,20.66666667,38.0,21.54285714,13.53428571,20.66666667,12.80333333,20.66666667,12.80333333
246,consoles2,11,23.0,13.65217391,24.5,49.0,24.5,13.64535714,24.5,13.65217391,24.5,13.65217391
247,consoles2,12,17.0,13.52470588,24.5,30.0,24.5,12.87375,24.5,13.52470588,24.5,13.52470588
407,cool1,1,2.0,21.525499802694185,99.51815923489573,32.0,90.77355905877963,15.45509961038875,105.74863909228586,18.612309132535657,36.12448250940294,12.285351557107933
406,cool1,2,7.0,21.97142857,85.70428571,7.0,85.70428571,21.97142857,85.70428571,21.97142857,85.70428571,21.97142857
404,cool1,3,14.0,16.64428571,99.99,22.0,99.99,16.64428571,129.99,18.77875,99.99,16.64428571
405,cool1,4,17.0,14.20235294,99.99,33.0,99.99,14.20235294,129.99,17.39642857,99.99,14.20235294
396,cool1,5,22.0,15.02090909,99.99,58.0,99.99,15.02090909,129.99,18.27277778,99.99,15.02090909
397,cool1,6,14.0,13.82642857,99.99,42.0,99.99,13.82642857,129.99,17.06117647,99.99,13.82642857
398,cool1,7,11.0,16.52909091,99.99,42.0,99.99,16.52909091,129.99,18.715625,99.99,16.52909091
399,cool1,8,14.0,18.975,99.99,39.0,99.99,18.975,116.9275,19.02125,99.99,18.975
400,cool1,9,3.0,15.93333333,99.99,10.0,99.99,15.93333333,99.99,15.93333333,29.5,11.73
401,cool1,10,2.0,16.95,99.99,33.0,99.99,16.95,119.99,19.997,99.99,16.95
402,cool1,11,4.0,16.1875,99.99,42.0,99.99,16.1875,129.99,22.67444444,99.99,16.1875
403,cool1,12,3.0,15.26666667,99.99,38.0,99.99,15.26666667,129.99,25.59,99.99,15.26666667
227,cool2,1,5.0,17.43347304073566,125.52560660802516,37.0,99.99,16.717327090742288,123.36112400827952,21.877885345333297,121.8352438518804,19.898245777292647
226,cool2,2,4.0,24.695415116824414,126.93713774091864,46.0,99.99,15.976393720134418,129.73729160820642,20.060235627481543,127.96520522359924,19.510778915583842
224,cool2,3,8.0,18.77875,129.99,22.0,99.99,16.64428571,129.99,18.77875,129.99,18.77875
225,cool2,4,14.0,17.39642857,129.99,33.0,99.99,14.20235294,129.99,17.39642857,129.99,17.39642857
216,cool2,5,18.0,18.27277778,129.99,58.0,99.99,15.02090909,129.99,18.27277778,129.99,18.27277778
217,cool2,6,17.0,17.06117647,129.99,42.0,99.99,13.82642857,129.99,17.06117647,129.99,17.06117647
218,cool2,7,16.0,18.715625,129.99,42.0,99.99,16.52909091,129.99,18.715625,129.99,18.715625
219,cool2,8,16.0,19.02125,116.9275,39.0,99.99,18.975,116.9275,19.02125,116.9275,19.02125
220,cool2,9,15.0,18.377247677895944,125.40205644098275,37.0,99.99,18.39212982518732,117.64157090595724,19.987960865163014,117.30695217363966,25.248633549819623
221,cool2,10,10.0,19.997,119.99,33.0,99.99,16.95,119.99,19.997,119.99,19.997
222,cool2,11,9.0,22.67444444,129.99,42.0,99.99,16.1875,129.99,22.67444444,129.99,22.67444444
223,cool2,12,3.0,25.59,129.99,38.0,99.99,15.26666667,129.99,25.59,129.99,25.59
71,cool4,1,28.0,21.703709098932194,149.32323616360188,33.0,99.99,17.27410839009245,119.93656247642382,19.240787514300166,146.99456634340152,22.351152099734488
70,cool4,2,3.0,17.835343053272275,154.87538842982363,33.0,99.99,17.738040842116675,124.3245413921808,24.590940058563955,153.25721114071646,22.354342411327103
68,cool4,3,26.0,21.117888375679136,154.52623316656394,40.0,99.99,15.49774783113861,128.61046478564384,21.85345122018808,140.91557769506966,20.412226648806417
69,cool4,4,4.0,17.640485396718496,146.79541197678563,34.0,99.99,16.552512959338838,129.29305161430693,20.28202447289101,156.16976439691047,19.99691255224618
60,cool4,5,18.0,18.472336250026494,136.59566009752433,35.0,99.99,16.222940953647786,126.87204945024085,22.68189041266184,156.94299870087016,17.998343569547973
61,cool4,6,4.0,22.724805940375344,150.90623448529502,34.0,99.99,18.69739055316596,120.11442856147855,19.6887696352451,139.39737399999748,23.167035548804776
62,cool4,7,1.0,15.7,134.99,42.0,99.99,16.52909091,129.99,18.715625,134.99,15.7
63,cool4,8,1.0,15.7,134.99,39.0,99.99,18.975,116.9275,19.02125,134.99,15.7
64,cool4,9,6.0,16.469959533347716,142.48194804482685,34.0,99.99,18.738269155710537,124.87643581485504,19.20703600328396,161.84433100978123,20.94658931527539
65,cool4,10,12.0,18.755,146.99,33.0,99.99,16.95,119.99,19.997,146.99,18.755
66,cool4,11,27.0,20.83703704,157.3603704,42.0,99.99,16.1875,129.99,22.67444444,157.3603704,20.83703704
67,cool4,12,29.0,24.47137931,166.99,38.0,99.99,15.26666667,129.99,25.59,166.99,24.47137931
95,cool5,1,5.0,15.8314031222947,99.99,37.0,99.99,15.97942807964042,129.54502928169288,20.127798035774354,79.59211340856815,15.30055570640397
94,cool5,2,16.0,17.868251761048928,99.99,25.0,99.99,17.25954380621655,111.16827876526362,17.42357821524921,29.547165251094675,15.752144694362052
92,cool5,3,12.0,18.18947790963852,99.99,21.0,99.99,15.09627219787919,117.56132687488437,21.086183730782103,64.25175516759757,20.31077880105603
93,cool5,4,2.0,21.17,99.99,33.0,99.99,14.20235294,129.99,17.39642857,99.99,21.17
84,cool5,5,18.0,15.57722222,99.99,58.0,99.99,15.02090909,129.99,18.27277778,99.99,15.57722222
85,cool5,6,11.0,20.49090909,99.99,42.0,99.99,13.82642857,129.99,17.06117647,99.99,20.49090909
86,cool5,7,14.0,19.91214286,99.99,42.0,99.99,16.52909091,129.99,18.715625,99.99,19.91214286
87,cool5,8,8.0,18.22875,99.99,39.0,99.99,18.975,116.9275,19.02125,99.99,18.22875
88,cool5,9,6.0,17.78166667,99.99,10.0,99.99,15.93333333,99.99,17.78166667,29.5,11.73
89,cool5,10,9.0,18.51888889,99.99,33.0,99.99,16.95,119.99,19.997,99.99,18.51888889
90,cool5,11,2.0,17.45,99.99,42.0,99.99,16.1875,129.99,22.67444444,99.99,17.45
91,cool5,12,3.0,17.95,99.99,38.0,99.99,15.26666667,129.99,25.59,99.99,17.95
371,furniture1,1,10.0,15.00329628505285,37.973920045351065,30.0,58.022437516675595,16.38713117737947,38.27404309577813,17.865272846896392,83.84499804634804,16.401814608945752
370,furniture1,2,13.0,9.193520051601627,36.93087635939024,36.0,40.64753817350336,17.466234469771212,38.145887013558394,12.26611582507012,92.77211434306614,13.556741937236634
368,furniture1,3,24.0,13.0874091987654,38.11767401516615,39.0,51.57554755425967,17.028733416503275,37.632977380127585,10.481380991184892,96.39821833897672,10.06454281321641
369,furniture1,4,17.0,15.643484059164884,37.19766776773549,53.0,65.08429397039833,16.952882118156243,37.78687154823517,8.836345833984252,70.4658889178435,10.772222475139563
360,furniture1,5,8.0,13.402878729291908,38.18185291071166,22.0,54.26093909641472,15.02181687829535,37.16821812093744,16.526636080646067,46.68808445224394,10.754565504198558
361,furniture1,6,10.0,11.908857458912006,38.30980160016968,25.0,51.548820947332246,16.54016577097881,37.95424026687222,11.526015811446486,54.13995461772523,13.218362622175508
362,furniture1,7,1.0,7.78,38.4,5.0,75.0,15.856,38.4,7.78,38.4,7.78
363,furniture1,8,8.0,12.105,38.4,14.0,75.0,15.37692308,38.4,12.105,38.4,12.105
364,furniture1,9,12.0,17.95,38.4,7.0,38.4,17.95,38.4,17.95,38.4,17.95
365,furniture1,10,25.0,13.98,38.4,17.0,75.0,13.64,38.4,13.98,38.4,13.98
366,furniture1,11,28.0,13.65214286,36.85428571,64.0,75.0,16.13272727,36.85428571,13.65214286,99.9,21.19
367,furniture1,12,4.0,15.363104908594966,37.84622932876816,55.0,60.43599669885958,15.193589227178265,37.83229237282067,11.366121571495219,61.87018233776004,10.44439198972042
347,furniture2,1,30.0,17.038116256742732,75.0,47.0,75.0,16.861104822061762,69.59670008997995,9.845343388619103,85.47547666062157,15.50754313578881
346,furniture2,2,25.0,16.246150335627693,75.0,50.0,75.0,13.960300176282225,49.10663560177489,8.26021487930937,89.72440894900447,18.789270578744087
344,furniture2,3,28.0,14.351563212509035,75.0,20.0,75.0,13.782428447044346,56.28191271716781,12.592211526794516,94.94684012619902,20.565487032715836
345,furniture2,4,24.0,15.590735099436358,75.0,44.0,75.0,14.126486732213076,50.283415415506525,13.395029431599518,95.0801127518327,18.342416073585433
336,furniture2,5,34.0,15.430873349718329,75.0,7.0,75.0,13.881651486529728,64.34658429388367,16.878259874999426,83.97079408226331,17.6242137827946
337,furniture2,6,5.0,14.161508053407696,75.0,23.0,75.0,16.604348093120286,63.52507457382542,9.783310579449743,99.46984780040194,16.605316810931193
338,furniture2,7,5.0,15.856,75.0,5.0,75.0,15.856,38.4,7.78,75.0,15.856
339,furniture2,8,13.0,15.37692308,75.0,14.0,75.0,15.37692308,38.4,12.105,75.0,15.37692308
340,furniture2,9,9.0,14.730125118465974,75.0,20.0,75.0,14.665078474220596,67.36394977390331,11.277993505892681,92.2736073681202,15.564031857020385
341,furniture2,10,5.0,13.64,75.0,17.0,75.0,13.64,38.4,13.98,75.0,13.64
342,furniture2,11,44.0,16.13272727,75.0,64.0,75.0,16.13272727,36.85428571,13.65214286,99.9,21.19
343,furniture2,12,47.0,17.44638298,75.0,40.0,75.0,17.44638298,75.0,17.44638298,99.9,20.64666667
323,furniture3,1,3.0,14.103220725463734,37.700158446725304,62.0,68.12064186266586,14.707618205040571,38.37248311090822,14.96880666599634,44.22804415619616,18.441919317227384
322,furniture3,2,1.0,14.728546324152443,36.7852545776072,60.0,63.04475525574503,13.913760865805342,36.880332687343085,14.199058305488386,75.0987043874388,15.384261605120203
320,furniture3,3,33.0,13.8139717931154,35.27000923145531,30.0,57.794897666363575,14.105676966853128,37.12237747947436,16.15285624680368,51.404522297008846,13.138807692495472
321,furniture3,4,27.0,12.297607901459271,38.03428923343352,59.0,69.6232992962196,17.24476947944289,37.956646008538435,14.71026458259999,91.90379654890212,16.803268504963462
312,furniture3,5,28.0,15.255247106385227,35.3041218630338,23.0,72.17460844380716,17.183569790457092,36.93598973474136,11.910380280091525,56.82948677431866,20.274802243174477
313,furniture3,6,8.0,11.966896888683655,35.92768676386731,50.0,45.70505975547641,17.32576089787935,38.31844669031384,17.763680747611605,75.04585760624917,18.22836647844384
314,furniture3,7,18.0,14.31868203099321,36.94191363698618,53.0,53.51258663305738,14.392846241794041,38.253478670893536,11.7436693526142,77.56756039910888,14.477779985097182
315,furniture3,8,1.0,11.85,38.4,14.0,75.0,15.37692308,38.4,12.105,38.4,11.85
316,furniture3,9,6.0,13.5,38.4,7.0,38.4,13.5,38.4,17.95,38.4,13.5
317,furniture3,10,8.0,15.55875,38.4,17.0,75.0,13.64,38.4,13.98,38.4,15.55875
318,furniture3,11,34.0,13.75058824,34.58117647,64.0,75.0,16.13272727,36.85428571,13.65214286,99.9,21.19
319,furniture3,12,4.0,11.015,38.4,40.0,75.0,17.44638298,38.4,11.015,99.9,20.64666667
395,garden1,1,9.0,40.276289033625254,107.75600083527632,235.0,73.53403432300902,23.539370690844553,57.49644414012961,23.154972904636303,89.26270502900836,32.163664914233955
394,garden1,2,1.0,28.89,99.99,3.0,99.99,28.89,99.99,28.89,99.99,28.89
392,garden1,3,5.0,31.946,99.99,21.0,99.99,31.946,99.99,31.946,99.99,31.946
393,garden1,4,25.0,29.027973202946068,92.27020268404229,122.0,96.3088800086889,18.41038718104792,85.31722867966059,31.37666326351617,68.93376047837509,16.33913513639793
384,garden1,5,4.0,32.0925,109.99,34.0,59.9,19.7325,59.9,26.24666667,109.99,32.0925
385,garden1,6,6.0,38.35166667,109.99,26.0,59.9,17.67,59.9,16.26,109.99,38.35166667
386,garden1,7,1.0,34.2,120.0,74.0,59.9,16.62642857,59.9,16.11157895,59.9,15.39230769
387,garden1,8,2.0,33.83,120.0,113.0,59.9,18.16230769,59.9,17.68111111,59.9,18.05043478
388,garden1,9,7.0,30.04,102.5,115.0,59.9,17.18702703,59.9,16.81176471,59.9,16.29461538
389,garden1,10,17.0,41.08941176,95.29,146.0,59.9,18.06589744,59.9,17.59548387,59.9,16.81416667
390,garden1,11,28.0,39.33678571,89.99,339.0,52.40694444,17.06747253,53.64828125,16.07586207,53.78571429,18.27550725
391,garden1,12,27.0,38.4162963,89.99,184.0,55.1,15.75960784,55.425,19.184375,55.75,17.26727273
131,garden10,1,54.0,22.38872118021088,54.70709219359135,200.0,56.61452765672595,16.304645273687157,55.474427531403734,25.806573836661485,54.25025736033178,18.908148034753975
130,garden10,2,79.0,16.346623783930788,56.68040806995599,72.0,55.05613696730988,19.459322378039428,58.82090634963089,23.74374485731591,54.712687108370744,20.03259504311143
128,garden10,3,85.0,17.019098570338496,56.03378889403152,301.0,59.080634363123174,18.697144198018115,54.64772207825311,24.67426164171458,55.113365670364985,26.09407669392197
129,garden10,4,22.0,25.76468344117118,55.42266013203707,295.0,57.286038334592014,17.579090788889374,53.72590420677443,23.594857505653422,57.421366819105764,20.86992957030495
120,garden10,5,3.0,26.24666667,59.9,34.0,59.9,19.7325,59.9,26.24666667,59.9,26.24666667
121,garden10,6,3.0,16.26,59.9,26.0,59.9,17.67,59.9,16.26,59.9,16.26
122,garden10,7,19.0,16.11157895,59.9,74.0,59.9,16.62642857,59.9,16.11157895,59.9,15.39230769
123,garden10,8,27.0,17.68111111,59.9,113.0,59.9,18.16230769,59.9,17.68111111,59.9,18.05043478
124,garden10,9,17.0,16.81176471,59.9,115.0,59.9,17.18702703,59.9,16.81176471,59.9,16.29461538
125,garden10,10,31.0,17.59548387,59.9,146.0,59.9,18.06589744,59.9,17.59548387,59.9,16.81416667
126,garden10,11,87.0,16.07586207,53.64828125,339.0,52.40694444,17.06747253,53.64828125,16.07586207,53.78571429,18.27550725
127,garden10,12,32.0,19.184375,55.425,184.0,55.1,15.75960784,55.425,19.184375,55.75,17.26727273
359,garden2,1,12.0,23.959270929461336,51.34616079611719,311.0,55.217924219346465,17.151274735435383,57.975009897493166,22.365804820989855,53.970276403300666,17.895168534055443
358,garden2,2,13.0,27.882741037057656,54.80833276328782,289.0,58.28142190403131,16.26056954195638,54.35183759651361,21.91588722361749,56.415103596483874,16.710653729961585
356,garden2,3,33.0,22.158193377773276,52.07757502844083,125.0,59.65626978645608,18.44331336808699,55.15854780852817,22.04969503139385,59.301675459128674,16.090899833341904
357,garden2,4,5.0,18.652,59.9,17.0,59.9,18.652,59.9,18.652,59.9,18.652
348,garden2,5,2.0,17.67,59.9,34.0,59.9,19.7325,59.9,26.24666667,59.9,17.67
349,garden2,6,5.0,15.978,59.9,26.0,59.9,17.67,59.9,16.26,59.9,15.978
350,garden2,7,15.0,17.87866667,59.9,74.0,59.9,16.62642857,59.9,16.11157895,59.9,15.39230769
351,garden2,8,19.0,16.11157895,59.9,113.0,59.9,18.16230769,59.9,17.68111111,59.9,18.05043478
352,garden2,9,34.0,19.71176471,59.9,115.0,59.9,17.18702703,59.9,16.81176471,59.9,16.29461538
353,garden2,10,13.0,18.98153846,59.9,146.0,59.9,18.06589744,59.9,17.59548387,59.9,16.81416667
354,garden2,11,9.0,45.69666667,54.45,339.0,52.40694444,17.06747253,53.64828125,16.07586207,53.78571429,18.27550725
355,garden2,12,1.0,18.0,49.9,184.0,55.1,15.75960784,55.425,19.184375,55.75,17.26727273
299,garden3,1,9.0,43.548352763314114,106.8385653198259,310.0,59.67419231747848,25.158574418201752,72.19178833788882,23.074649048731466,88.46652089453734,19.34366302182259
298,garden3,2,1.0,33.0,99.99,3.0,99.99,33.0,99.99,33.0,99.99,33.0
296,garden3,3,11.0,30.53909091,99.99,21.0,99.99,30.53909091,99.99,30.53909091,99.99,30.53909091
297,garden3,4,8.0,33.71,96.65666667,17.0,96.65666667,33.71,96.65666667,33.71,96.65666667,33.71
288,garden3,5,2.0,34.13,109.99,34.0,59.9,19.7325,59.9,26.24666667,109.99,34.13
289,garden3,6,2.0,34.2,119.99,26.0,59.9,17.67,59.9,16.26,119.99,34.2
290,garden3,7,2.0,36.28,120.0,74.0,59.9,16.62642857,59.9,16.11157895,59.9,15.39230769
291,garden3,8,11.0,46.96524278952114,112.97442428440367,152.0,60.76727320041702,24.41672156359487,92.3297601656057,20.47653937648298,77.18293302344034,17.589368788599604
292,garden3,9,4.0,33.09,104.25,115.0,59.9,17.18702703,59.9,16.81176471,59.9,16.29461538
293,garden3,10,12.0,30.83416667,92.594,146.0,59.9,18.06589744,59.9,17.59548387,59.9,16.81416667
294,garden3,11,21.0,47.52571429,89.99,339.0,52.40694444,17.06747253,53.64828125,16.07586207,53.78571429,18.27550725
295,garden3,12,14.0,42.60714286,89.99,184.0,55.1,15.75960784,55.425,19.184375,55.75,17.26727273
119,garden4,1,46.0,16.085329719904404,57.98637537967523,153.0,59.14232510622304,18.09612027210792,58.874589981275534,16.8565721517392,57.74877507471935,17.22428825059947
118,garden4,2,34.0,16.820295610576913,58.75245165106162,192.0,53.72500072180739,16.865709700706695,58.32600365827078,17.847986361830255,54.055297159264846,18.119797365558423
116,garden4,3,18.0,17.11438210551109,57.239460535031505,335.0,53.5311569729969,17.187034794940875,59.26411350920963,16.871015135575757,59.743921866782074,16.033051283182683
117,garden4,4,20.0,17.99099665000848,59.13692285347293,126.0,58.28905979764633,17.374843782814587,57.65445136285493,18.04554239403497,58.555828761482395,18.26151164317312
108,garden4,5,64.0,16.467315870523382,54.611935014739956,306.0,55.96140529615435,18.102004374267942,56.49689044987898,18.52776709406993,55.624781768905564,16.088222371443102
109,garden4,6,34.0,16.074716481360216,54.987619363271854,103.0,58.62069058760531,17.674137190116863,54.90481685658719,17.177667590070662,58.62696945336808,15.922973427282107
110,garden4,7,13.0,15.39230769,59.9,74.0,59.9,16.62642857,59.9,16.11157895,59.9,15.39230769
111,garden4,8,23.0,18.05043478,59.9,113.0,59.9,18.16230769,59.9,17.68111111,59.9,18.05043478
112,garden4,9,13.0,16.29461538,59.9,115.0,59.9,17.18702703,59.9,16.81176471,59.9,16.29461538
113,garden4,10,36.0,16.81416667,59.9,146.0,59.9,18.06589744,59.9,17.59548387,59.9,16.81416667
114,garden4,11,69.0,18.27550725,53.78571429,339.0,52.40694444,17.06747253,53.64828125,16.07586207,53.78571429,18.27550725
115,garden4,12,44.0,17.26727273,55.75,184.0,55.1,15.75960784,55.425,19.184375,55.75,17.26727273
23,garden5,1,15.0,36.366268405321584,90.7053265455941,227.0,62.757490823694255,33.976783231515654,76.29815769621956,29.92709587043955,70.69909627675167,17.99479142534314
22,garden5,2,10.0,38.28005390407901,92.77675332222758,212.0,80.91212854490084,18.501275724064126,69.71241304653566,29.7885428964673,84.19652767974233,26.025028057854854
20,garden5,3,6.0,32.68,69.9,21.0,69.9,32.68,69.9,32.68,69.9,32.68
21,garden5,4,3.0,34.21666667,82.63333333,17.0,82.63333333,34.21666667,82.63333333,34.21666667,82.63333333,34.21666667
12,garden5,5,20.0,39.8975,97.58823529,34.0,59.9,19.7325,59.9,26.24666667,97.58823529,39.8975
13,garden5,6,8.0,40.80125,89.0,26.0,59.9,17.67,59.9,16.26,89.0,40.80125
14,garden5,7,10.0,39.156,89.0,74.0,59.9,16.62642857,59.9,16.11157895,59.9,15.39230769
15,garden5,8,7.0,39.5,97.33333333,113.0,59.9,18.16230769,59.9,17.68111111,59.9,18.05043478
16,garden5,9,9.0,39.01888889,99.0,115.0,59.9,17.18702703,59.9,16.81176471,59.9,16.29461538
17,garden5,10,14.0,45.77642857,99.0,146.0,59.9,18.06589744,59.9,17.59548387,59.9,16.81416667
18,garden5,11,17.0,32.86352941,99.0,339.0,52.40694444,17.06747253,53.64828125,16.07586207,53.78571429,18.27550725
19,garden5,12,11.0,38.05545455,99.0,184.0,55.1,15.75960784,55.425,19.184375,55.75,17.26727273
143,garden6,1,79.0,18.631293072960233,57.98069041140826,157.0,55.669924267328796,19.219733412680508,58.399609608096185,25.44837265786289,54.20657295376265,16.01307342214687
142,garden6,2,46.0,15.997732843156276,53.06932995069152,31.0,54.200038957659906,18.523684060785598,57.64511564042251,17.615490028121663,55.58492294863077,15.68136733621097
140,garden6,3,22.0,18.143413051523,57.86252783785662,49.0,56.98827577970461,17.599804508422128,53.89700361956796,17.637293546781986,54.80349342955375,17.082588975466294
141,garden6,4,1.0,19.25827713622474,53.74381002892427,296.0,54.01277700063269,16.78874690294953,54.32305344911416,18.58006549469811,58.818680658845004,19.405410020811274
132,garden6,5,4.0,19.7325,59.9,34.0,59.9,19.7325,59.9,26.24666667,59.9,19.7325
133,garden6,6,1.0,17.67,59.9,26.0,59.9,17.67,59.9,16.26,59.9,17.67
134,garden6,7,14.0,16.62642857,59.9,74.0,59.9,16.62642857,59.9,16.11157895,59.9,15.39230769
135,garden6,8,39.0,18.16230769,59.9,113.0,59.9,18.16230769,59.9,17.68111111,59.9,18.05043478
136,garden6,9,37.0,17.18702703,59.9,115.0,59.9,17.18702703,59.9,16.81176471,59.9,16.29461538
137,garden6,10,39.0,18.06589744,59.9,146.0,59.9,18.06589744,59.9,17.59548387,59.9,16.81416667
138,garden6,11,91.0,17.06747253,52.40694444,339.0,52.40694444,17.06747253,53.64828125,16.07586207,53.78571429,18.27550725
139,garden6,12,51.0,15.75960784,55.1,184.0,55.1,15.75960784,55.425,19.184375,55.75,17.26727273
47,garden7,1,14.0,14.602269914397587,57.02564687152988,56.0,57.83784610374918,17.04450775484933,55.2532695973838,25.84453822049775,57.62545497968353,17.48710618113741
46,garden7,2,4.0,15.540432804855886,58.69699738297269,171.0,54.71521708880587,17.825581594469075,54.24241521584819,19.722197200010235,53.83203147514712,17.244532806976764
44,garden7,3,4.0,14.083347722912675,54.51206736879527,302.0,56.03256173893258,18.04912660595163,57.04876779699631,17.55741223702223,57.93515559901858,17.64242780376034
45,garden7,4,1.0,17.16,59.9,17.0,59.9,17.16,59.9,17.16,59.9,17.16
36,garden7,5,1.0,13.44,59.9,34.0,59.9,19.7325,59.9,26.24666667,59.9,13.44
37,garden7,6,13.0,14.887584261760601,57.328815950229426,128.0,58.31616903089533,16.074939678773525,57.00551336012637,25.854101589818878,56.975684861957845,16.22414451431389
38,garden7,7,4.0,17.67,59.9,74.0,59.9,16.62642857,59.9,16.11157895,59.9,15.39230769
39,garden7,8,6.0,16.26,59.9,113.0,59.9,18.16230769,59.9,17.68111111,59.9,18.05043478
40,garden7,9,5.0,16.782,59.9,115.0,59.9,17.18702703,59.9,16.81176471,59.9,16.29461538
41,garden7,10,11.0,14.80727273,59.9,146.0,59.9,18.06589744,59.9,17.59548387,59.9,16.81416667
42,garden7,11,20.0,16.016,51.32222222,339.0,52.40694444,17.06747253,53.64828125,16.07586207,53.78571429,18.27550725
43,garden7,12,10.0,18.103,56.97777778,184.0,55.1,15.75960784,55.425,19.184375,55.75,17.26727273
179,garden8,1,7.0,36.339575513601915,182.8532407931564,73.0,158.39470475663617,17.9911152338318,120.77706973300488,35.68297307032783,107.94675292078404,22.30910925462014
178,garden8,2,1.0,33.54,179.99,3.0,179.99,33.54,179.99,33.54,179.99,33.54
176,garden8,3,3.0,46.039305294008614,180.375765750274,178.0,54.82755117403421,17.59755964248405,171.6184558169052,28.00340296417916,136.65725692426082,36.11857776231221
177,garden8,4,3.0,36.64333333,179.99,17.0,179.99,36.64333333,179.99,36.64333333,179.99,36.64333333
168,garden8,5,5.0,43.054029188810034,183.9467826718387,289.0,136.81276516414354,33.3684860301826,70.22880583410843,17.203551069905757,73.20279622678018,28.30540805732722
169,garden8,6,8.0,43.03209986367615,182.39971985687723,230.0,130.86644514281227,31.91112034181174,165.82340820090877,28.652619165345264,101.70246095930513,19.094494674107512
170,garden8,7,10.0,43.22788390146425,182.9641992109133,121.0,111.33422389771957,21.597655425986034,73.79748546736258,32.936324784982276,97.73905753841643,25.0630340132379
171,garden8,8,3.0,35.422411161851855,183.69251014929583,117.0,170.33309220142738,34.63579687169858,135.28582852957777,34.42429982413991,104.64541518247046,24.303380449673632
172,garden8,9,2.0,26.88,179.99,115.0,59.9,17.18702703,59.9,16.81176471,59.9,16.29461538
173,garden8,10,6.0,36.75666667,179.99,146.0,59.9,18.06589744,59.9,17.59548387,59.9,16.81416667
174,garden8,11,13.0,43.14153846,179.99,339.0,52.40694444,17.06747253,53.64828125,16.07586207,53.78571429,18.27550725
175,garden8,12,15.0,47.594,183.99,184.0,55.1,15.75960784,55.425,19.184375,55.75,17.26727273
191,garden9,1,34.0,17.233959498284477,53.9076042534949,188.0,56.15567897131214,17.060507228012682,54.649454495453014,18.663929444423964,55.71385928733902,17.232081529743898
190,garden9,2,21.0,18.59218874376464,56.44518959287316,293.0,55.91292466567501,15.804142779958623,57.99858762117653,20.02095273433585,56.84652569700531,15.673811415333006
188,garden9,3,15.0,15.88459855359288,57.34156104126342,144.0,57.600584816529675,17.177539982800404,57.61004018798166,25.895738587394632,56.06409551316003,15.77206170441196
189,garden9,4,3.0,18.39333333,59.9,17.0,59.9,18.39333333,59.9,18.39333333,59.9,18.39333333
180,garden9,5,7.0,15.79428571,59.9,34.0,59.9,19.7325,59.9,26.24666667,59.9,15.79428571
181,garden9,6,4.0,16.6125,59.9,26.0,59.9,17.67,59.9,16.26,59.9,16.6125
182,garden9,7,19.0,16.03052632,59.9,74.0,59.9,16.62642857,59.9,16.11157895,59.9,15.39230769
183,garden9,8,21.0,18.83142857,59.9,113.0,59.9,18.16230769,59.9,17.68111111,59.9,18.05043478
184,garden9,9,23.0,18.64347826,59.9,115.0,59.9,17.18702703,59.9,16.81176471,59.9,16.29461538
185,garden9,10,19.0,17.73052632,59.9,146.0,59.9,18.06589744,59.9,17.59548387,59.9,16.81416667
186,garden9,11,82.0,17.80780488,53.37910448,339.0,52.40694444,17.06747253,53.64828125,16.07586207,53.78571429,18.27550725
187,garden9,12,40.0,17.5175,55.77096774,184.0,55.1,15.75960784,55.425,19.184375,55.75,17.26727273
167,health1,1,12.0,18.450267127369568,84.99,109.0,23.926999455653636,12.805568891210829,89.99,16.83814280227497,58.99,16.208838002269438
166,health1,2,41.0,17.878421786915467,84.99,116.0,23.94119864906562,15.413301881730929,89.99,13.779974402697443,58.99,16.076451496113332
164,health1,3,41.0,17.68521704004771,84.99,91.0,23.79926296257312,14.24657291914311,89.99,16.703380216657706,58.99,16.412363069448837
165,health1,4,33.0,19.330459432832278,84.99,137.0,23.845308508455165,15.19696549733038,89.99,16.71015736071808,58.99,16.52522355713478
156,health1,5,15.0,17.853253767128386,84.99,138.0,23.580659444410223,15.313249820321785,89.99,13.690696900918207,58.99,16.826668063026336
157,health1,6,30.0,16.415221789991005,84.99,115.0,23.540456955180044,15.751758305167765,89.99,15.563473498823845,58.99,17.2987427474296
158,health1,7,29.0,16.071666706053538,84.99,136.0,23.771542983252605,15.314148193336475,89.99,14.086649166832377,58.99,17.143500190619584
159,health1,8,3.0,15.57,84.99,82.0,23.39740741,14.27678571,89.99,13.41055556,58.99,16.24090909
160,health1,9,4.0,15.6,84.99,89.0,23.99,16.12,89.99,13.96428571,58.99,15.6392
161,health1,10,3.0,19.61,84.99,81.0,23.99,13.13666667,89.99,16.56291667,58.99,19.06526316
162,health1,11,36.0,17.40833333,84.99,139.0,23.99,12.37535714,89.99,16.99038462,58.99,15.71166667
163,health1,12,50.0,16.2446,84.99,112.0,23.99,12.45684211,89.99,15.89473684,58.99,16.33222222
383,health2,1,10.0,18.14975548338704,325.0,122.0,23.934947288596256,12.789118203867632,89.99,14.571290270543946,58.99,15.648383411039038
382,health2,2,8.0,19.223078271484976,325.0,96.0,23.711139368919934,12.419554828838795,89.99,14.59386932039395,58.99,18.310313140135168
380,health2,3,9.0,19.364540705648952,325.0,81.0,23.971677082283318,12.793804075061258,89.99,16.663317535416923,58.99,16.58385819043074
381,health2,4,9.0,20.931930374635428,325.0,125.0,23.661994666048326,15.118060718711643,89.99,15.597121748840735,58.99,18.625241499602705
372,health2,5,8.0,19.128291978357918,325.0,119.0,23.947252123773275,13.036004004929314,89.99,16.69926987944406,58.99,17.503571131579392
373,health2,6,6.0,19.708498821226556,325.0,107.0,23.43198947780168,14.045580324748471,89.99,16.035879180298693,58.99,18.494737914146555
374,health2,7,7.0,18.56427341822695,325.0,118.0,23.84711001015287,12.620562765868836,89.99,13.609191432601259,58.99,16.168189914512602
375,health2,8,6.0,21.075,325.0,82.0,23.39740741,14.27678571,89.99,13.41055556,58.99,16.24090909
376,health2,9,11.0,19.52363636,325.0,89.0,23.99,16.12,89.99,13.96428571,58.99,15.6392
377,health2,10,2.0,19.545,325.0,81.0,23.99,13.13666667,89.99,16.56291667,58.99,19.06526316
378,health2,11,12.0,16.99416667,325.0,139.0,23.99,12.37535714,89.99,16.99038462,58.99,15.71166667
379,health2,12,6.0,17.58333333,325.0,112.0,23.99,12.45684211,89.99,15.89473684,58.99,16.33222222
263,health5,1,8.0,22.90125,349.9,9.0,349.9,22.90125,349.9,22.90125,64.99,11.06
262,health5,2,4.0,26.9275,349.9,19.0,19.99,11.75090909,349.9,26.9275,64.99,15.348
260,health5,3,2.0,21.275,349.9,25.0,19.99,13.81888889,89.99,13.02,64.99,17.26222222
261,health5,4,1.0,19.29,349.9,23.0,19.99,18.03846154,349.9,19.29,64.99,15.16888889
252,health5,5,4.0,26.73,349.9,41.0,19.99,14.8475,89.99,16.09833333,64.99,14.811875
253,health5,6,2.0,24.505,349.9,53.0,19.99,12.68333333,89.99,14.16333333,58.79952381,13.90333333
254,health5,7,1.0,29.3,349.9,61.0,19.99,11.13517241,89.99,12.11882353,59.25666667,17.998
255,health5,8,7.0,29.94714286,349.9,82.0,23.39740741,14.27678571,89.99,13.41055556,58.99,16.24090909
256,health5,9,7.0,26.58285714,349.9,89.0,23.99,16.12,89.99,13.96428571,58.99,15.6392
257,health5,10,10.0,22.84,349.9,81.0,23.99,13.13666667,89.99,16.56291667,58.99,19.06526316
258,health5,11,11.0,20.47818182,322.1363636,139.0,23.99,12.37535714,89.99,16.99038462,58.99,15.71166667
259,health5,12,7.0,29.09285714,349.9,112.0,23.99,12.45684211,89.99,15.89473684,58.99,16.33222222
287,health7,1,1.0,11.06,64.99,9.0,64.99,11.06,64.99,11.06,64.99,11.06
286,health7,2,5.0,15.348,64.99,19.0,19.99,11.75090909,64.99,15.348,64.99,15.348
284,health7,3,9.0,17.26222222,64.99,25.0,19.99,13.81888889,89.99,13.02,64.99,17.26222222
285,health7,4,9.0,15.16888889,64.99,23.0,19.99,18.03846154,64.99,15.16888889,64.99,15.16888889
276,health7,5,16.0,14.811875,64.99,41.0,19.99,14.8475,89.99,16.09833333,64.99,14.811875
277,health7,6,21.0,13.90333333,58.79952381,53.0,19.99,12.68333333,89.99,14.16333333,58.79952381,13.90333333
278,health7,7,15.0,17.998,59.25666667,61.0,19.99,11.13517241,89.99,12.11882353,59.25666667,17.998
279,health7,8,22.0,16.24090909,58.99,82.0,23.39740741,14.27678571,89.99,13.41055556,58.99,16.24090909
280,health7,9,25.0,15.6392,58.99,89.0,23.99,16.12,89.99,13.96428571,58.99,15.6392
281,health7,10,19.0,19.06526316,58.99,81.0,23.99,13.13666667,89.99,16.56291667,58.99,19.06526316
282,health7,11,24.0,15.71166667,58.99,139.0,23.99,12.37535714,89.99,16.99038462,58.99,15.71166667
283,health7,12,9.0,16.33222222,58.99,112.0,23.99,12.45684211,89.99,15.89473684,58.99,16.33222222
107,health8,1,22.0,15.124534498454091,89.99,50.0,21.00215350624878,14.772635031425306,89.99,12.773885089429639,64.35006273371577,15.741176018422838
106,health8,2,24.0,12.995978480829596,89.99,91.0,21.179301928565952,11.167258398896886,89.99,12.893432416289846,61.19076341663143,16.143588751544176
104,health8,3,6.0,13.02,89.99,25.0,19.99,13.81888889,89.99,13.02,64.99,17.26222222
105,health8,4,25.0,12.386762439472458,89.99,64.0,23.244290955683866,11.53787479485639,89.99,15.437050022389961,63.07734557003364,18.35089455705835
96,health8,5,6.0,16.09833333,89.99,41.0,19.99,14.8475,89.99,16.09833333,64.99,14.811875
97,health8,6,9.0,14.16333333,89.99,53.0,19.99,12.68333333,89.99,14.16333333,58.79952381,13.90333333
98,health8,7,17.0,12.11882353,89.99,61.0,19.99,11.13517241,89.99,12.11882353,59.25666667,17.998
99,health8,8,18.0,13.41055556,89.99,82.0,23.39740741,14.27678571,89.99,13.41055556,58.99,16.24090909
100,health8,9,21.0,13.96428571,89.99,89.0,23.99,16.12,89.99,13.96428571,58.99,15.6392
101,health8,10,24.0,16.56291667,89.99,81.0,23.99,13.13666667,89.99,16.56291667,58.99,19.06526316
102,health8,11,26.0,16.99038462,89.99,139.0,23.99,12.37535714,89.99,16.99038462,58.99,15.71166667
103,health8,12,19.0,15.89473684,89.99,112.0,23.99,12.45684211,89.99,15.89473684,58.99,16.33222222
59,health9,1,10.0,16.592199576829216,22.611884929005267,67.0,20.74093473331296,17.568358883744267,38.53876601085069,14.485069475316216,63.639790754371084,18.427005688605146
58,health9,2,11.0,11.75090909,19.99,19.0,19.99,11.75090909,19.99,11.75090909,64.99,15.348
56,health9,3,9.0,13.81888889,19.99,25.0,19.99,13.81888889,89.99,13.02,64.99,17.26222222
57,health9,4,13.0,18.03846154,19.99,23.0,19.99,18.03846154,19.99,18.03846154,64.99,15.16888889
48,health9,5,16.0,14.8475,19.99,41.0,19.99,14.8475,89.99,16.09833333,64.99,14.811875
49,health9,6,21.0,12.68333333,19.99,53.0,19.99,12.68333333,89.99,14.16333333,58.79952381,13.90333333
50,health9,7,29.0,11.13517241,19.99,61.0,19.99,11.13517241,89.99,12.11882353,59.25666667,17.998
51,health9,8,28.0,14.27678571,23.39740741,82.0,23.39740741,14.27678571,89.99,13.41055556,58.99,16.24090909
52,health9,9,24.0,16.12,23.99,89.0,23.99,16.12,89.99,13.96428571,58.99,15.6392
53,health9,10,27.0,13.13666667,23.99,81.0,23.99,13.13666667,89.99,16.56291667,58.99,19.06526316
54,health9,11,28.0,12.37535714,23.99,139.0,23.99,12.37535714,89.99,16.99038462,58.99,15.71166667
55,health9,12,19.0,12.45684211,23.99,112.0,23.99,12.45684211,89.99,15.89473684,58.99,16.33222222
83,perfumery1,1,12.0,16.526234123983272,56.99,28.0,56.99,12.458279703593533,134.031217883065,12.637760842640152,56.99,15.478302363886101
82,perfumery1,2,10.0,16.08892752040464,56.99,20.0,56.99,12.11510582629483,125.76019722085778,9.191157150900958,56.99,12.104652402321154
80,perfumery1,3,9.0,16.590242396596796,56.99,10.0,56.99,18.080137031869732,83.50809136453341,12.254977861601166,56.99,13.139521080602234
81,perfumery1,4,16.0,17.113695939562636,56.99,20.0,56.99,15.495198103866969,115.47053017709979,10.49487741721197,56.99,14.196083080732855
72,perfumery1,5,20.0,12.232348734812156,56.99,24.0,56.99,16.822532107875894,68.22497270029162,16.07612118958282,56.99,18.234773974732736
73,perfumery1,6,4.0,18.4525,56.99,4.0,56.99,18.4525,56.99,18.4525,56.99,18.4525
74,perfumery1,7,7.0,11.75,56.99,7.0,56.99,11.75,56.99,11.75,56.99,11.75
75,perfumery1,8,7.0,13.58857143,56.99,8.0,56.99,13.58857143,142.5,15.75,56.99,13.58857143
76,perfumery1,9,17.0,13.74117647,56.99,18.0,56.99,13.74117647,142.5,9.19,56.99,13.74117647
77,perfumery1,10,17.0,12.29294118,56.99,19.0,56.99,12.29294118,142.5,17.15,56.99,12.29294118
78,perfumery1,11,20.0,12.714,56.99,27.0,56.99,12.714,118.05,14.29375,56.99,12.714
79,perfumery1,12,24.0,13.82,56.99,34.0,56.99,13.82,118.0,11.02666667,56.99,13.82
215,perfumery2,1,7.0,12.40709329655754,135.1022464796042,25.0,56.99,12.862942895967976,124.38295796222324,11.844906582133968,134.72578916085553,12.978121832288299
214,perfumery2,2,11.0,9.830132687350766,137.50012826249414,33.0,56.99,13.200060987872133,139.86310656204188,9.943822384707607,121.08070183865752,12.183397010773804
212,perfumery2,3,1.0,9.412764646689997,139.61528087321588,16.0,56.99,13.134679224569917,132.6338242021043,14.427080196640375,131.08564270720507,16.422327233558008
213,perfumery2,4,1.0,11.970138930560061,135.05152692628556,25.0,56.99,12.785995615583781,128.21192875570296,10.021209885659431,119.78941416693175,15.896352691425843
204,perfumery2,5,7.0,11.129640591146025,121.73427446184634,25.0,56.99,12.804392137162802,139.6394860801031,15.05595417768804,137.21806960602424,13.150008727174706
205,perfumery2,6,8.0,13.469259869940426,120.36602917224407,13.0,56.99,13.352726051602382,135.55328693926953,10.629852472774298,140.30758731898766,15.019031651954812
206,perfumery2,7,7.0,16.548809004508584,127.12076954333465,15.0,56.99,13.331149228858399,141.1227735507688,9.439002692839734,121.18052499087855,12.188533684298461
207,perfumery2,8,1.0,15.75,142.5,8.0,56.99,13.58857143,142.5,15.75,142.5,15.75
208,perfumery2,9,1.0,9.19,142.5,18.0,56.99,13.74117647,142.5,9.19,142.5,9.19
209,perfumery2,10,2.0,17.15,142.5,19.0,56.99,12.29294118,142.5,17.15,142.5,17.15
210,perfumery2,11,8.0,14.29375,118.05,27.0,56.99,12.714,118.05,14.29375,118.05,14.29375
211,perfumery2,12,12.0,11.02666667,118.0,34.0,56.99,13.82,118.0,11.02666667,118.0,11.02666667
455,watches1,1,18.0,15.455369689443394,186.36569954166848,79.0,134.8666309029273,14.893369103394175,206.30500777880093,21.24454799939589,247.76531118540674,15.184467915498352
454,watches1,2,9.0,17.233679632463414,190.59933362217876,68.0,191.85619558740663,14.870816591840384,137.94212512625998,20.922389267288565,218.56575461352918,20.538857787743687
452,watches1,3,5.0,21.318,241.006,6.0,241.006,21.318,241.006,21.318,241.006,21.318
453,watches1,4,3.0,21.22666667,255.61,3.0,255.61,21.22666667,255.61,21.22666667,255.61,21.22666667
444,watches1,5,9.0,16.561949455682097,199.26895611113167,46.0,180.17830606801567,18.287789291131492,123.74596856336088,17.793370563092978,176.97469986991888,20.254526396808703
445,watches1,6,5.0,14.74,185.0,17.0,163.0,14.265,185.0,14.74,185.0,14.74
446,watches1,7,10.0,16.606,197.383,29.0,161.5909091,15.52545455,197.383,16.606,197.383,16.606
447,watches1,8,15.0,14.92666667,179.9,48.0,160.6692308,15.18538462,179.9,14.92666667,179.9,14.92666667
448,watches1,9,20.0,19.528,164.57,54.0,148.7785714,14.04111111,164.57,19.528,164.57,19.528
449,watches1,10,4.0,14.2125,232.49,43.0,134.9,6.81,232.49,14.2125,232.49,14.2125
450,watches1,11,18.0,20.99277778,174.4333333,91.0,133.0,19.91666667,108.0,15.90846154,174.4333333,20.99277778
451,watches1,12,5.0,18.686,185.96,73.0,149.0,19.1,108.0,16.65384615,185.96,18.686
155,watches2,1,14.0,17.240925376486672,165.14155253146293,34.0,144.52499899310158,12.225910849703666,121.88811318890836,18.0429548044987,189.57062360171162,17.875938179754733
154,watches2,2,12.0,14.774291203527557,168.16429160300322,62.0,136.11241690691693,10.301730115094998,114.90683231321522,15.499163801750399,195.48191472766786,17.006671952566258
152,watches2,3,11.0,17.211046217145384,140.7386576566496,20.0,158.43278080473488,11.755025978410048,150.79980529754758,17.327208862729027,215.86884305027507,18.084458542783075
153,watches2,4,6.0,17.26883663550829,162.27852829941276,32.0,145.62826765926155,7.605223848291543,149.86748746661468,17.685110164684243,191.17288870290776,15.184278413260344
144,watches2,5,7.0,15.577091593924902,143.9447197818687,37.0,153.91786342352754,8.026763324691737,115.99805799876773,14.690287405536967,186.56945132448016,20.309498464199752
145,watches2,6,5.0,13.91,157.99,17.0,163.0,14.265,157.99,13.91,185.0,14.74
146,watches2,7,6.0,14.95,171.792,29.0,161.5909091,15.52545455,171.792,14.95,197.383,16.606
147,watches2,8,5.0,17.084,169.9,48.0,160.6692308,15.18538462,169.9,17.084,179.9,14.92666667
148,watches2,9,10.0,17.856,160.4,54.0,148.7785714,14.04111111,160.4,17.856,164.57,19.528
149,watches2,10,16.0,18.505625,149.475,43.0,134.9,6.81,149.475,18.505625,232.49,14.2125
150,watches2,11,26.0,19.17230769,140.56,91.0,133.0,19.91666667,108.0,15.90846154,174.4333333,20.99277778
151,watches2,12,6.0,17.00333333,149.0,73.0,149.0,19.1,108.0,16.65384615,185.96,18.686
335,watches3,1,1.0,8.556400265058812,78.0,35.0,102.90070348475214,19.763882157418458,104.22034716834192,10.948247986923292,214.34179046911936,18.625792156495038
334,watches3,2,2.0,18.390313677677344,78.0,12.0,108.55915813262375,12.522424131305993,96.78515952337142,18.070480429325883,214.403266805935,15.450005069650668
332,watches3,3,1.0,17.98,78.0,6.0,78.0,17.98,78.0,17.98,241.006,21.318
333,watches3,4,2.0,18.0845237174037,78.0,82.0,128.41618861565925,17.42603010428342,99.8620207518264,12.627069282373855,181.0564466910932,18.7337837082713
324,watches3,5,4.0,16.70204421124286,78.0,48.0,87.07953560485336,12.887705861661061,105.17106830778731,11.097090613837802,181.80290850114898,20.682999175272514
325,watches3,6,3.0,10.3,78.0,17.0,163.0,14.265,78.0,10.3,185.0,14.74
326,watches3,7,1.0,14.3,78.0,29.0,161.5909091,15.52545455,78.0,14.3,197.383,16.606
327,watches3,8,5.0,18.22,78.0,48.0,160.6692308,15.18538462,78.0,18.22,179.9,14.92666667
328,watches3,9,2.0,8.984061887268526,78.0,21.0,130.88377375411886,7.864143689815612,96.65654734254001,15.23999948970136,185.04761415265043,19.968321304108265
329,watches3,10,3.0,12.13333333,78.0,43.0,134.9,6.81,78.0,12.13333333,232.49,14.2125
330,watches3,11,2.0,7.8,78.0,91.0,133.0,19.91666667,108.0,15.90846154,174.4333333,20.99277778
331,watches3,12,6.0,19.69166667,78.0,73.0,149.0,19.1,108.0,16.65384615,185.96,18.686
275,watches5,1,15.0,18.70055262117802,206.58427357157692,58.0,154.70211811726054,8.132027109055572,124.62974307559159,17.462136693221133,205.0863475903941,20.15196238889663
274,watches5,2,10.0,16.615418106256406,208.1196845411093,65.0,136.8279474743789,14.102180604645685,192.40300271437917,16.216400117527883,223.78932154153574,18.135698706691606
272,watches5,3,23.0,17.282204604321375,217.36565238927324,64.0,149.6631402527896,14.333929942633578,172.63403803399194,16.425796134031383,203.101206811014,19.880419551074986
273,watches5,4,19.0,17.6164483422303,211.26442784735474,72.0,142.1164456511505,8.50040491290544,192.90957032762833,18.71794420421562,212.8522712222306,14.871974700673244
264,watches5,5,19.0,16.083406230705904,208.1947488183561,43.0,149.1405823312653,13.301822365872985,191.8759427325531,18.360510849336777,171.72224991015327,16.361010535392055
265,watches5,6,24.0,15.384725871513972,223.53479767803032,66.0,147.90638386773293,16.86798711017048,146.64395082823876,18.73100215158103,191.91926765757256,16.242761050923345
266,watches5,7,16.0,15.706653595967627,224.98838540745535,64.0,136.40817028384689,8.351252618050102,201.95857640990585,17.065090467389762,188.44275905872743,19.990405031502057
267,watches5,8,8.0,15.14125,229.9,48.0,160.6692308,15.18538462,229.9,15.14125,179.9,14.92666667
268,watches5,9,10.0,15.345,219.06,54.0,148.7785714,14.04111111,219.06,15.345,164.57,19.528
269,watches5,10,8.0,19.1,216.15,43.0,134.9,6.81,216.15,19.1,232.49,14.2125
270,watches5,11,12.0,19.795,203.2909091,91.0,133.0,19.91666667,108.0,15.90846154,174.4333333,20.99277778
271,watches5,12,28.0,17.48678571,224.5428571,73.0,149.0,19.1,108.0,16.65384615,185.96,18.686
203,watches6,1,5.0,18.474640078027186,158.97321054377772,59.0,158.15016158518512,13.595522971130862,117.73255997507614,11.431783934333032,171.50831564954908,20.84113431643444
202,watches6,2,3.0,14.64352579973451,138.74772436879294,51.0,160.6632896074365,19.541155752398826,154.62331539497058,8.1230820530253,198.00566080763156,18.920706307236784
200,watches6,3,6.0,7.157119357062878,152.61766680801833,21.0,158.37310457215528,9.574763534810861,142.67782150952922,15.11253124660611,173.6185872549995,14.748260835779167
201,watches6,4,15.0,11.62050418532818,152.14236342217995,29.0,156.72074001714896,17.67357371819993,147.18300857157107,8.119864721690563,185.89736773264838,20.16966355596424
192,watches6,5,6.0,12.552913774932986,146.65160900308678,89.0,151.7192737473568,19.265702191106143,118.22499175045812,9.423133457709811,218.13424026953885,14.270491338784973
193,watches6,6,4.0,14.265,163.0,17.0,163.0,14.265,163.0,14.265,185.0,14.74
194,watches6,7,11.0,15.52545455,161.5909091,29.0,161.5909091,15.52545455,161.5909091,15.52545455,197.383,16.606
195,watches6,8,13.0,15.18538462,160.6692308,48.0,160.6692308,15.18538462,160.6692308,15.18538462,179.9,14.92666667
196,watches6,9,18.0,14.04111111,148.7785714,54.0,148.7785714,14.04111111,148.7785714,14.04111111,164.57,19.528
197,watches6,10,1.0,6.81,134.9,43.0,134.9,6.81,134.9,6.81,232.49,14.2125
198,watches6,11,15.0,19.91666667,133.0,91.0,133.0,19.91666667,108.0,15.90846154,174.4333333,20.99277778
199,watches6,12,4.0,19.1,149.0,73.0,149.0,19.1,108.0,16.65384615,185.96,18.686
431,watches7,1,8.0,13.534939188129878,345.69998805692035,63.0,156.5574311893954,12.02879145680191,258.1187640819035,13.70913017326563,199.78917394380002,20.683925328874977
430,watches7,2,5.0,13.563557951716144,341.133234047837,54.0,148.71636140645398,15.204556467329624,188.6612054601324,14.788587293559633,212.26399681758178,16.623811674006998
428,watches7,3,10.0,14.44709243113681,346.8591447304355,57.0,145.39421874684027,14.777543603231397,135.02598206305873,13.871784984127006,196.50720124418297,18.33122892253729
429,watches7,4,10.0,13.645077355332207,340.88756898698136,43.0,155.66118783808395,8.331886428534796,200.35790555390813,15.698224613073155,213.50911377230003,16.969764778869724
420,watches7,5,5.0,15.833683637188372,344.6384316773575,60.0,146.0267265211747,18.45767592967184,245.7877598871572,16.383090922220493,185.66580918244065,19.94013413602978
421,watches7,6,6.0,13.918653652758682,341.2084789364467,48.0,153.65954260351936,16.09825427724789,316.1214574315994,14.185253024233727,165.83543388096177,16.125930763252956
422,watches7,7,1.0,14.415957597085152,345.3068315883738,73.0,145.6117774970714,6.9292021928653,344.55478170020365,14.633853737346044,230.4767507638894,18.4461706027232
423,watches7,8,2.0,13.845,339.0,48.0,160.6692308,15.18538462,339.0,13.845,179.9,14.92666667
424,watches7,9,1.0,13.94,339.0,54.0,148.7785714,14.04111111,339.0,13.94,164.57,19.528
425,watches7,10,10.0,13.455,346.158,43.0,134.9,6.81,346.158,13.455,232.49,14.2125
426,watches7,11,9.0,14.27555556,345.7066667,91.0,133.0,19.91666667,108.0,15.90846154,174.4333333,20.99277778
427,watches7,12,11.0,16.10272727,348.8,73.0,149.0,19.1,108.0,16.65384615,185.96,18.686
